"site","plot","Water_DIST","Cover_FRST_25","Cover_FRST_100","Cover_FRST_350","Cover_URB_25","Cover_URB_100","Cover_URB_350","Cover_EG_25","Cover_EG_100","Cover_EG_350","Cover_Field_25","Cover_Field_100","Cover_Field_350","Edge_FRST_25","Edge_FRST_100","Edge_FRST_350","edge_urb_25","edge_urb_100","edge_urb_350","edge_ff_25","edge_ff_100","edge_ff_350","edge_fh_25","edge_fh_100","edge_fh_350","edge_fu_25","edge_fu_100","edge_fu_350","CON_ALL_25","CON_ALL_100","CON_ALL_350","CON_URB_25","CON_URB_100","CON_URB_350","CON_FRST_25","CON_FRST_100","CON_FRST_350","PROX_FRST_25","PROX_FRST_100","PROX_FRST_350","PROX_URB_25","PROX_URB_100","PROX_URB_350","slope"
"A","A_01",7.668876439,0.833992,0.787422,0.61822,0.166008,0.161205,0.267584,0.244092784,0.158030166,0.185040741,0,0.045085663,0.104113111,2537.84,10574.6,44452.1,1980.338912,10226.14349,35449.64737,617.3814937,1841.184472,5500.275208,617.3814937,1751.184472,5410.275208,1980.338912,8970.357814,32813.76109,25.0813999,47.1910019,45.3751984,40.1044006,42.5969009,26.8535004,40.1044006,35.1581993,17.4009991,2254.7141,2255.8222,2260.6633,2783.039,2783.5929,2800.5301,5.031497245
"A","A_02",749.3701756,0.561265,0.440213,0.540099,0.233202,0.282551,0.262393,0.416161068,0.306700395,0.211805404,0.208029197,0.278127813,0.104113111,4488.32,13942.1,45131.6,5966.629589,9277.667842,40238.54859,0,1229.101529,6791.283059,0,1229.101529,6674.667098,5893.695689,8920.127667,35784.5886,22.3959999,31.9188995,42.1613998,26.948,24.1795998,29.5228004,9.6291399,13.4587002,14.7446003,2254.7141,2255.8222,2260.6633,2783.039,2783.5929,2800.5301,2.862551752
"A","A_03",1250.72964,0.778656,0.682019,0.581625,0.217391,0.23295,0.262393,0.004670052,0.063347678,0.091585028,0.007272727,0.085508551,0.133556356,2913.8,12950.9,50960.6,3187.402659,12184.22483,36077.21685,780,1626.807613,5347.677999,660,1506.807613,5017.677999,2133.227187,9361.37289,29347.25518,62.8230019,49.8698006,47.5474014,32.8207016,29.7103004,25.4934006,31.4643002,20.2800007,13.1950998,1445.4771,1458.7427,1469.3787,4788.6396,4805.7945,4815.2831,0.802939333
"A","A_04",316.1422649,0.509881,0.636847,0.708279,0.383399,0.280779,0.214119,0.119075404,0.134389557,0.161512465,0.096428571,0.056756757,0.104113111,3057.42,10972.5,36788.8,2516.790895,7750.185788,41245.16372,1783.900069,6217.949318,10781.94079,1639.255305,5718.841194,9508.633668,1935.259669,6322.13246,25662.088,42.8874016,44.4864006,53.2748985,17.5767002,28.4533005,35.7540016,14.2740002,21.0946007,26.4755993,1445.4771,1458.7427,1469.3787,4788.6396,4805.7945,4815.2831,2.165817955
"A","A_05",945.2936831,0.6917,0.570416,0.623151,0.3083,0.263065,0.242409,0.010363538,0.091439008,0.085481917,0,0.154676259,0.133556356,2933.19,11417.4,40453.8,2555.103694,11186.04457,44601.5542,293.1421202,1266.304947,6643.941596,293.1421202,1266.304947,6433.941596,2555.103694,11186.04457,41135.71611,50.7298012,46.9426003,47.581501,24.2042999,28.7222004,31.4115009,24.2042999,17.4571991,19.5051003,1445.4771,1458.7427,1469.3787,4788.6396,4805.7945,4815.2831,3.04440957
"A","A_06",716.0791311,0.778656,0.537644,0.613548,0.150198,0.255979,0.204775,0.046870955,0.097012657,0.099402431,0.080291971,0.154676259,0.124549665,2662.53,13318.7,38947,3140.832501,10068.8124,40238.54859,422.35886,1054.923668,6791.283059,422.35886,964.9236677,6674.667098,2682.573881,8508.812395,35784.5886,51.3235016,42.8865013,47.8553009,46.2560997,28.2514992,36.4169998,33.3992996,14.2221003,19.5104008,1445.4771,1458.7427,1469.3787,4788.6396,4805.7945,4815.2831,1.775741139
"A","A_07",428.7635423,0.56917,0.633304,0.676875,0.426877,0.35341,0.274072,0.100396818,0.196487673,0.169005927,0,0.045085663,0.104113111,6015.44,19628.2,51645.9,2837.272045,10226.14349,44601.5542,0,1841.184472,6643.941596,0,1751.184472,6433.941596,2837.272045,8970.357814,41135.71611,35.8185005,32.053299,50.9620018,4.2300401,10.5663004,23.3383007,3.94209,9.1642799,18.0105991,1419.5108,1420.692,1421.3229,3964.3908,3965.0564,3965.2554,1.166662332
"B","B_01",342.3388691,0.758893,0.615589,0.507397,0.237154,0.13729,0.121983,0.051767132,0.119789351,0.182025408,0.010714286,0.047661871,0.039361976,3368.15,12452.7,44185.6,1659.416731,7390.455441,33986.38768,90,3556.173998,9376.612471,90,3308.482135,8991.862628,1629.416731,6696.740363,31706.57674,49.7089005,42.4824982,35.4785004,27.1839008,47.3350983,52.2835999,26.0018997,18.0251999,15.0675001,395.0848,396.4534,401.4922,3099.476,3127.9963,3128.0482,4.09450617
"B","B_02",70.78253639,0.44664,0.570416,0.610952,0.0948617,0.146147,0.143005,0.194690404,0.139110344,0.151172508,0.02173913,0.009918846,0.039361976,3176.07,13844.4,47180.3,4584.967238,18283.46044,52790.21887,970.9034944,3169.581618,13791.76374,760.9034944,2629.581618,12497.31262,3003.750158,13645.64883,40233.306,37.2464981,41.3666992,43.1660995,59.8526001,46.4329987,45.9301987,16.9804001,14.5699997,15.9439001,319.5519,345.3518,348.808,4425.2273,4458.2931,4462.769,15.56452906
"B","B_03",351.7573724,0.640316,0.69442,0.708279,0.339921,0.28698,0.193875,0.187407468,0.084327293,0.073640858,0,0,0.018242549,5069.77,16940.7,50210.5,4094.587303,18230.60333,52790.21887,260.0602705,1565.595929,13791.76374,260.0602705,1185.489123,12497.31262,3171.042493,14433.97994,40233.306,29.8078995,39.9511986,52.7747002,12.0495005,18.4452991,35.0275002,9.5698004,15.6021996,20.7399998,319.5519,345.3518,348.808,4425.2273,4458.2931,4462.769,7.546815019
"B","B_04",8.10251376,0.865613,0.781222,0.712172,0.134387,0.19752,0.165326,0,0.048521594,0.073238309,0,0.005415162,0.018242549,2541.88,11991.6,46430.4,4473.966151,16695.49752,56756.25767,255.5017168,1183.313529,9030.088747,180,913.3135287,7680.412682,4018.892588,14133.10248,44771.31956,47.7806015,62.7075005,52.2953987,47.7806015,34.5205994,41.5113983,47.7806015,30.9503994,22.4330006,767.5033,782.9769,786.3473,1573.9693,1574.9766,1577.8579,17.61459367
"B","B_05",1.228727901,0.901186,0.785651,0.653257,0.0948617,0.128432,0.20244,0.011931708,0.030932857,0.067772475,0.003584229,0.075607561,0.058944659,1550.64,10437.7,52710.2,4107.033556,18054.63765,56251.83387,1221.995901,3305.830017,6141.13677,480.6498346,2173.012377,4531.623921,4047.033556,16684.7211,50773.39349,73.8322983,62.7848015,46.6407013,58.3997993,52.1283989,35.7444,57.3829994,36.6026001,15.8647003,712.2128,722.695,724.3775,1056.327,1189.2398,1190.258,7.331587198
"B","B_06",328.2863173,0.952569,0.587245,0.424085,0,0.0221435,0.0929146,0.026244818,0.125571111,0.217784515,0,0.047661871,0.039361976,832.15,5563.86,32930.3,4072.32645,13622.91862,43811.09065,30,217.8178342,1075.748861,30,217.8178342,1075.748861,3982.32645,13382.91862,42971.09065,81.6514969,49.4006996,39.5369987,0,90.0203018,60.7737999,76.8448029,31.6921005,21.4407005,296.2817,301.6556,303.8412,4425.2273,4458.2931,4462.769,3.253922413
"C","C_01",4.42761154,0.288538,0.297608,0.381261,0.58498,0.585474,0.492603,0.037535177,0.117740219,0.119467034,0.129963899,0.115004492,0.120946989,3984.58,16835.3,54825.3,3467.93302,9870.388451,43811.09065,180,318.0550071,1075.748861,180,318.0550071,1075.748861,3377.93302,9708.422927,42971.09065,43.3745995,43.1450996,40.8903999,9.1783504,8.97861,11.4680004,18.8139,17.8908997,13.4172001,35.6821,59.8747,61.0552,43.8907,90.4719,91.8694,9.297688545
"C","C_02",3.173100932,0.363636,0.327724,0.417597,0.573123,0.596103,0.491046,0.288949565,0.277895543,0.109071955,0.054347826,0.064923354,0.120946989,3662.72,16590.4,55047.9,4607.281009,13310.34634,39442.99007,0,60,3575.434492,0,60,1915.292889,4607.281009,12620.77564,33611.16844,42.6604996,41.7276001,41.0283012,11.1718998,9.53444,9.8887501,16.2094002,15.5539999,11.7302999,67.8594,75.1652,88.4393,79.4346,101.2376,111.9305,10.00192202
"C","C_03",29.94193082,0.454545,0.371125,0.418116,0.513834,0.578388,0.497534,0.094964125,0.267023507,0.142493564,0.025179856,0.033333333,0.080380072,4452.53,15976.2,55159.9,4581.956645,14823.87397,39442.99007,452.4608246,3745.866094,3575.434492,272.4608246,2003.206433,1915.292889,4551.956645,13615.37856,33611.16844,49.3706017,43.8806,43.0479012,8.3633699,10.8369999,11.4647999,8.9987402,13.6288004,11.9048996,44.0009,64.4271,68.1664,68.9947,93.4222,99.0885,6.274165143
"C","C_04",29.62230372,0.636364,0.562445,0.518297,0.268775,0.360496,0.427459,0.045548628,0.073747318,0.061934891,0.086956522,0.073940487,0.047252183,5342.56,20168.9,57787.5,4691.27267,15763.69013,47506.32849,468.1355559,3730.789242,8079.704263,194.2854179,2312.823379,4567.511136,4361.27267,13521.74037,41568.6732,46.1874008,43.7865982,48.4840012,21.0128002,12.2938995,11.1220999,8.8934898,6.6179199,9.5688295,385.2789,437.2636,442.4855,3947.6646,3957.9088,3965.4832,7.31436109
"C","C_05",85.31183031,0.70751,0.74225,0.739424,0.288538,0.252436,0.245783,0.08612161,0.244515278,0.225053367,0.003584229,0.002695418,0.004108885,4067.51,13941.1,46415.1,2731.949757,9000.10924,45538.57268,475.0025575,1462.579303,11890.31238,475.0025575,1380,7624.818789,2592.654219,7224.173626,36814.26105,44.1072006,44.6099014,49.6258011,18.4813004,25.8577995,27.6264992,18.3801003,25.0757999,25.2434998,1009.8096,1012.9794,1016.7944,7493.9667,7502.8192,7507.3947,2.571018102
"C","C_06",110.7454927,0.770751,0.835252,0.819362,0.213439,0.15589,0.135998,0.13682051,0.246776556,0.203096874,0.010909091,0.00360036,0.004108885,3863.65,10482.3,32874.4,3338.431995,8059.346276,22030.96585,0,4.117821527,567.8237939,0,4.117821527,567.8237939,3338.431995,8059.346276,19880.4457,48.6692009,49.6506004,55.5000992,28.8792,42.0713997,48.2398987,26.0830994,40.905201,40.0357018,1411.6201,1431.4833,1440.4686,5701.9524,5739.4326,5755.9214,3.30129425
"D","D_01",75.21153459,0.699605,0.771479,0.71347,0.300395,0.211692,0.189982,0.098043979,0.081230805,0.086629965,0,0.004476276,0.022405357,4599.6,12990.1,42899.4,2614.574103,9277.667842,40238.54859,0,1229.101529,6791.283059,0,1229.101529,6674.667098,2614.574103,8920.127667,35784.5886,26.2133007,58.2271996,50.8469009,15.8141003,31.3854008,36.0589981,15.8141003,29.8787994,24.2297001,1411.6201,1431.4833,1440.4686,5701.9524,5739.4326,5755.9214,2.693687583
"D","D_02",259.23891,0.557312,0.653676,0.671425,0.41502,0.273694,0.249416,0.045508295,0.057521947,0.092054781,0.028985507,0.070725157,0.022405357,4993.47,17360.7,52704.7,3451.773309,12220.9228,40238.54859,1496.538703,6036.402722,6791.283059,1496.538703,5856.402722,6674.667098,2752.135921,7684.979845,35784.5886,50.1720009,52.7252998,47.4877014,8.2056198,22.2045994,25.8195,5.8726101,12.9546003,17.0921001,697.701,709.785,716.4219,6858.2942,6874.1486,6877.0669,6.108690747
"D","D_03",235.1468562,0.624506,0.539415,0.594602,0.288538,0.34101,0.256943,0.058016871,0.164014442,0.120808813,0.050724638,0.072386059,0.049433574,5000.77,19094.2,55749.7,3458.442033,7898.213513,26237.64924,218.7109113,2270.462433,6519.458464,218.7109113,2075.476511,6099.458464,3456.399649,6911.446703,22465.50069,45.6077003,38.260601,39.3083,15.9707003,15.4003,25.7217999,8.4082298,7.18923,12.0225,463.7264,493.7536,498.3265,5701.9524,5739.4326,5755.9214,6.628208485
"D","D_04",81.38297712,0.703557,0.572188,0.562159,0.177866,0.158547,0.19673,0.05112766,0.105300704,0.147818509,0.039568345,0.029676259,0.070491382,3834.93,12699.8,47510.5,1559.251709,9371.170041,26237.64924,390,750,6519.458464,240,480,6099.458464,1156.782628,8474.289469,22465.50069,49.9126015,46.3627014,37.7843018,37.4734001,45.3386002,36.7117996,18.9824009,16.7311993,14.3422003,463.7264,493.7536,498.3265,5701.9524,5739.4326,5755.9214,5.004582008
"D","D_05",73.99308253,0.774704,0.812223,0.655074,0.217391,0.121346,0.0991435,0.301809401,0.23029434,0.20039588,0,0,0.002574003,3434.37,9691.93,30813.1,4725.755429,15792.73374,40276.92136,0,0,3251.403253,0,0,2844.212691,4725.755429,15762.73374,38764.83333,32.1786995,43.0970001,40.839901,30.0942993,49.5444984,58.3344994,28.6483002,38.717701,25.9309998,1509.688,1518.4962,1522.5488,9497.3555,9515.0949,9531.7624,10.109539
"D","D_06",185.0287149,0.802372,0.531444,0.453672,0.181818,0.103632,0.0799377,0.080119588,0.166880768,0.289359121,0,0.000904977,0.002574003,3130.99,9990.64,26244.1,2260.916596,10986.64336,40276.92136,0,626.460275,3251.403253,0,326.4602751,2844.212691,2260.916596,10840.21266,38764.83333,48.1120987,31.5055008,46.0709,37.6962013,56.1204987,64.7073975,33.4180984,19.5209007,24.8761997,1509.688,1518.4962,1522.5488,9497.3555,9515.0949,9531.7624,3.317782929
"E","E_01",190.0340623,0.889328,0.824624,0.743317,0.0988142,0.160319,0.182974,0.196982983,0.121049283,0.194266435,0.01459854,0.011690647,0.048133848,612.447,5115.55,33128.4,2651.286926,6197.993717,22030.96585,0,0,567.8237939,0,0,567.8237939,2651.286926,5301.887271,19880.4457,48.2013016,63.0512009,50.8516006,64.7432022,53.5690994,41.1725006,65.2582016,51.3844986,31.0431995,2243.4196,2251.258,2254.0329,4449.2622,4457.4094,4460.3709,11.27991654
"E","E_02",93.82138296,0.909091,0.853853,0.659227,0.0869565,0.127547,0.244744,0.326071395,0.175462867,0.176214733,0,0.001805054,0.028013364,1342.99,6690.36,38021.1,0,7898.213513,26237.64924,0,2270.462433,6519.458464,0,2075.476511,6099.458464,0,6911.446703,22465.50069,39.2613983,53.0078011,45.8670998,62.8474998,55.8750992,30.7814007,61.5383987,52.2963982,22.2574005,385.3255,409.7911,414.5768,2517.3733,2624.8476,2632.4571,5.115838051
"E","E_03",35.60278284,0.849802,0.779451,0.812094,0.13834,0.213463,0.157021,0.06349342,0.208638567,0.177813829,0.010791367,0.006289308,0.048133848,1961.38,10092.2,27462.7,904.5092341,5096.892033,29422.89706,0,476.1173268,3819.665502,0,476.1173268,3819.665502,604.5092341,4511.67214,27140.79425,59.8630981,46.9239998,50.9595985,51.6049995,34.1799011,46.7234001,49.4426994,32.7695999,41.3586006,2266.6797,2282.0006,2284.3066,2807.8652,2818.8466,2836.2522,24.81911748
"E","E_04",81.44859734,0.73913,0.534101,0.511549,0.110672,0.270151,0.264988,0.115966455,0.126393231,0.225249853,0.135714286,0.183618362,0.153549383,1616.07,12761.7,39719.9,1261.976975,6418.8401,36223.3385,0,156.8200193,2540.01204,0,156.8200193,2330.01204,1261.976975,6042.685156,31099.92852,51.2966995,39.8446007,37.5940018,55.3321991,27.3190002,26.5118008,36.1930008,16.1702995,17.1522999,329.6708,351.5227,361.9912,919.4367,1015.9334,1038.8479,11.43264405
"E","E_05",11.07640075,0.703557,0.610275,0.517,0.256917,0.165633,0.167142,0.092029787,0.16076328,0.224691509,0.035971223,0.01530153,0.028013364,2496.18,9284.97,25513.5,1660.098115,9848.278974,29422.89706,202.0576119,540.1652002,3819.665502,202.0576119,540.1652002,3819.665502,1524.356977,9503.27138,27140.79425,52.0256996,40.7667007,48.6110001,36.6193008,43.5587997,46.5294991,30.9316998,22.5503998,24.9582996,385.3255,409.7911,414.5768,2517.3733,2624.8476,2632.4571,2.102381531
"E","E_06",73.67047861,0.936759,0.786537,0.800415,0.0632411,0.200177,0.174669,0.184318348,0.159351335,0.1451316,0,0.013428827,0.028013364,862.334,9468.82,28143.3,1631.378377,13043.41217,41565.35946,661.8393135,2437.413814,7525.634432,661.8393135,2407.413814,7285.634432,693.0541066,9270.693509,29121.49346,42.2266006,49.0321999,50.3498993,72.7561035,35.9219017,42.8088989,72.7561035,34.5026016,39.8382988,3718.5597,3746.6048,3752.6195,4292.7823,4314.1089,4322.1817,3.933444174
"E","E_07",109.2287301,0.936759,0.784765,0.809499,0.0632411,0.14349,0.143265,0.518395351,0.378495095,0.178383845,0,0.069306931,0.048133848,1122.27,7719.45,27081.5,2051.350383,7122.400199,36223.3385,364.0130587,630,2540.01204,364.0130587,630,2330.01204,1811.808562,6307.633926,31099.92852,27.9666004,39.2631989,52.0321007,69.6197968,52.5293999,49.4426003,69.6197968,40.5791016,41.3558006,3718.5597,3746.6048,3752.6195,4292.7823,4314.1089,4322.1817,2.910018483
"E","E_08",5.15029276,0.810277,0.90434,0.879315,0.189723,0.0956599,0.0882429,0.080197203,0.284881971,0.282264704,0,0,0.022633745,3007.96,6264.17,23140.4,877.5479682,9527.371534,36223.3385,0,740.8509989,2540.01204,0,710.8509989,2330.01204,877.5479682,8747.371534,31099.92852,39.4415016,29.8959007,48.0812988,35.4071007,57.4911003,61.5133018,35.4071007,57.4911003,53.7991982,3403.41,3416.4293,3428.3792,4055.9419,4067.7142,4156.8738,4.978721638
"E","E_09",566.3513159,0.762846,0.736935,0.757851,0.0513834,0.131975,0.138593,0.480500708,0.469061545,0.256102326,0.195729537,0.129061372,0.101799486,1396.41,8459.97,29526.5,990.4973138,5952.785437,29422.89706,0,1373.63305,3819.665502,0,1373.63305,3819.665502,990.4973138,5802.785437,27140.79425,30.0820007,35.2173996,45.9272995,74.8435974,52.600399,48.9574013,39.4140015,33.1952019,34.2472992,1031.5561,1039.532,1075.7976,1463.8181,1522.7572,1568.8028,1.462916464
"E","E_10",14.2821398,0.996047,0.829052,0.576434,0,0.110717,0.155723,0.288911853,0.206466146,0.192557894,0.007194245,0.054054054,0.174974306,135.293,8560.66,32514.3,2960.270826,6277.267377,20247.11653,0,0,1127.279701,0,0,1127.279701,2960.270826,6277.267377,19977.11653,47.3722992,51.2248001,39.2566986,0,56.7356987,43.6258011,96.5199966,46.9690018,21.8071003,577.1239,581.9063,588.0751,3837.8595,3840.1261,3848.6113,2.316662172
"E","E_11",8.086039936,0.869565,0.662533,0.672463,0.130435,0.145261,0.163768,0.092000023,0.14264867,0.288621685,0,0.173717372,0.101799486,2238.67,9681.86,32462.2,800.9814792,7563.648855,26684.65116,1110.619176,2392.860513,7067.164078,1110.619176,2392.860513,6917.164078,374.4317038,6121.340495,22145.53402,45.240799,46.5531006,43.9952011,48.4818001,45.0523987,44.0046997,48.4818001,26.0177994,26.0009995,577.1239,581.9063,588.0751,3837.8595,3840.1261,3848.6113,3.707886076
"F","F_01",37.94978163,0.853755,0.888397,0.788217,0.0039526,0.0336581,0.10122,0.004153532,0.026461297,0.045997621,0.138297872,0.077757685,0.054255593,1580.99,5478.57,27431.7,0,7322.840115,32747.01385,165.334042,1855.213085,7065.376453,165.334042,1735.213085,6885.376453,0,6319.887488,21301.93591,74.1837006,72.5268021,61.6013985,95.891098,83.5767975,59.8456993,48.7895012,57.4553986,38.8903999,1708.0553,1728.3596,1738.7551,2434.7502,2608.6446,2623.1317,14.19748913
"F","F_02",117.9047903,0.774704,0.759079,0.678173,0.225296,0.231178,0.159097,0.204301748,0.247602213,0.242849204,0,0,0.000514668,1579.4,7307.46,23945.8,2088.755511,9036.661713,26684.65116,0,2664.706292,7067.164078,0,2514.706292,6917.164078,2088.755511,6669.880447,22145.53402,30.9463005,39.3578987,45.3073997,41.6864014,36.4645004,49.7057991,40.9015999,35.235199,31.4508991,1047.0997,1056.4381,1057.8575,3947.6646,3957.9088,3965.4832,4.119559627
"F","F_03",14.08034155,0.766798,0.718335,0.641838,0.0869565,0.170948,0.268103,0.009315174,0.046445447,0.092825353,0.146428571,0.109107304,0.080380072,2733.53,10805,38974.4,130.4232178,1994.504863,18395.85365,1561.160529,3907.359083,7593.779352,1252.855586,3222.669242,6513.779352,0,1226.1863,14530.25373,54.3494987,54.4499016,52.4023018,61.0987015,46.2429008,30.2756004,31.4876003,26.6473999,20.9782009,1223.1169,1228.7854,1231.2373,1565.3245,1566.8938,1594.1411,7.445385072
"F","F_04",186.6618799,0.948617,0.800709,0.735012,0.0513834,0.151461,0.16273,0.113758945,0.12354159,0.224069502,0,0,0.000514668,969.884,5394.75,22163.3,1380.27948,7371.054151,19534.47753,0,0,149.5961282,0,0,82.80810174,1380.27948,6858.537262,16652.75488,57.2986984,49.4425011,52.6292,71.8758011,53.2098999,49.3740005,71.8758011,46.4921989,36.6582985,1708.0553,1728.3596,1738.7551,2434.7502,2608.6446,2623.1317,3.463392496
"F","F_05",167.3016698,0.826087,0.716563,0.720997,0.0988142,0.0735164,0.0981054,0.043233081,0.056832382,0.050286072,0.007142857,0.069683258,0.054255593,2393.34,8112.95,26607.7,1571.765651,7509.242868,56756.25767,1190.214272,4221.769358,9030.088747,1186.940225,3818.861291,7680.412682,1451.765651,6544.420996,44771.31956,63.4444008,57.2571983,54.9033012,57.985199,67.9092026,62.3400002,40.1701012,30.5970993,32.3595009,1223.1169,1228.7854,1231.2373,1565.3245,1566.8938,1594.1411,1.696725819
"G","G_01",490.2475591,0.909091,0.936227,0.854399,0.0909091,0.0478299,0.0962886,0.91798552,0.585493491,0.514126504,0,0.01170117,0.039629439,1358.92,4358.2,23485.3,1075.485982,4957.319474,19534.47753,0,0,149.5961282,0,0,82.80810174,1075.485982,4638.107592,16652.75488,55.0042992,57.1184998,46.8903999,60.4678993,74.0524979,60.1293983,60.4678993,68.8973007,49.401001,9046.2979,9046.3215,9048.6786,10791.9885,10791.9885,10795.4975,3.943020693
"G","G_02",58.7592432,0.881423,0.934455,0.907085,0.0474308,0.0372011,0.0586556,0.457937181,0.516786436,0.484264618,0,0.005395683,0.039629439,1472.8,4260.4,16086.1,1585.548403,4371.092986,18395.85365,192.5231708,3072.405731,7593.779352,94.95877642,2652.405731,6513.779352,1517.327771,3200.537549,14530.25373,35.1753006,53.6543999,53.9416008,75.338501,79.7204971,72.7866974,54.2212982,68.6666031,62.9947014,9046.2979,9046.3215,9048.6786,10791.9885,10791.9885,10795.4975,13.21707564
"G","G_03",708.804226,0.916996,0.925598,0.88217,0.083004,0.0726306,0.0799377,0.967586257,0.877142332,0.735958237,0,0.00180018,0.034251867,1345.2,4169.05,17443.8,1415.639745,3245.895102,19482.08424,0,717.7519564,4945.512521,0,480,3895.512521,1415.639745,3185.895102,16692.08424,65.061203,60.3941994,54.7598,63.2425995,69.452301,65.0973969,63.2425995,68.7296982,57.3162003,9046.2979,9046.3215,9048.6786,10791.9885,10791.9885,10795.4975,2.940121876
"G","G_04",104.6652203,0.881423,0.912312,0.941604,0.0909091,0.0761736,0.044381,0.770005277,0.768563953,0.689504588,0,0.00090009,0.034251867,1787.64,5789.76,13365.6,767.8236557,2341.099934,19482.08424,0,503.8089869,4945.512521,0,443.8089869,3895.512521,767.8236557,2281.099934,16692.08424,44.1609001,55.2733002,59.8869019,59.6348,63.8742981,77.1446991,54.0485001,60.5438995,71.7686996,9046.2979,9046.3215,9048.6786,10791.9885,10791.9885,10795.4975,5.908143841
"G","G_05",642.4833939,0.936759,0.957484,0.908124,0.0632411,0.0425155,0.0547625,0.564697544,0.72911214,0.574388583,0,0,0.029850746,1089.94,2802.13,17198.3,1345.392243,3988.346604,16589.85212,0,209.4355011,1768.885353,0,209.4355011,870,1345.392243,3988.346604,13936.24207,30.5832996,41.9380989,52.3446999,69.6197968,77.254303,73.2068024,69.6197968,77.254303,62.2036018,9046.2979,9046.3215,9048.6786,10791.9885,10791.9885,10795.4975,5.725438102
"G","G_06",494.2388266,1,0.899911,0.928367,0,0.0770593,0.0500908,0.717391304,0.806434663,0.76512461,0,0.017086331,0.016722408,85.4859,5935.61,13882.6,1679.994939,5175.405829,16589.85212,4.412737224,60,1768.885353,4.412737224,60,870,1526.853,4995.405829,13936.24207,28.6966,62.1719017,61.9673996,0,66.115303,75.0089035,0,61.2582016,68.4738007,9046.2979,9046.3215,9048.6786,10791.9885,10791.9885,10795.4975,4.981695748
"G","G_07",109.8017811,0.98419,0.969885,0.891773,0,0.0088574,0.0454192,0.560838178,0.603067023,0.717049406,0,0.015274034,0.059578839,358.277,1684.52,14503.3,1093.832821,2815.200898,12237.56375,0,0,3683.276827,0,0,3051.986322,1093.832821,2815.200898,11965.13876,39.5591011,57.4292984,55.8488007,0,92.7850037,75.9714966,88.8677979,83.9288025,60.7527008,4838.385,4899.5609,4914.2308,5835.7101,5835.7436,5855.8548,6.273993975
"G","G_08",509.1386413,0.826087,0.829052,0.879055,0.142292,0.0912312,0.0866857,0.61172501,0.640689983,0.752929912,0.03202847,0.079494128,0.031627668,1772.86,7230.51,21893,95.71099088,5095.797781,11573.42571,0,696.9491172,2148.750067,0,176.1526816,1080,95.71099088,4794.626164,10823.42571,46.5889015,41.2817001,55.1240005,48.5526009,58.8981018,62.2946014,43.9383011,43.0875015,54.3614998,6622.4226,6650.5757,6650.5817,7735.3222,7768.9195,7768.9205,3.954888251
"G","G_09",187.1881336,0.972332,0.957484,0.924734,0.027668,0.0425155,0.0352972,0.93157183,0.887131154,0.691491067,0,0,0.059578839,383.066,2718.74,11144.2,69.57078938,900,11846.20729,0,553.0664853,3642.633196,0,0,329.1047957,69.57078938,690,10010.71976,70.9546967,58.5374985,62.2173996,84.5589981,77.7934036,80.2957993,84.5589981,77.7934036,69.1687012,4838.385,4899.5609,4914.2308,5835.7101,5835.7436,5855.8548,3.971085788
"G","G_10",252.4107906,0.889328,0.89194,0.930184,0.110672,0.0628875,0.0441215,0.882628498,0.952321777,0.711543957,0,0,0.031627668,1809.77,4571.75,11650.4,1864.158035,5848.5149,19132.85123,413.1803454,2382.483031,3570,413.1803454,1405.476173,1620,1474.158035,4929.083199,17632.85123,43.1743011,57.7456017,64.3171005,54.228199,69.1939011,77.3575974,54.228199,60.1327019,70.0241013,6622.4226,6650.5757,6650.5817,7735.3222,7768.9195,7768.9205,6.295007588
"G","G_11",42.50122909,0.652174,0.632418,0.640799,0.134387,0.0752879,0.0838308,0.098571415,0.220604017,0.2918007,0.207142857,0.247524752,0.254886831,2746.77,8581.98,27945.4,417.9057495,2669.283695,11846.20729,0,0,3642.633196,0,0,329.1047957,417.9057495,2669.283695,10010.71976,35.7262001,41.1892014,42.9962997,48.3065987,67.033699,63.2010994,21.8696003,24.8852997,26.8153992,5225.366,5305.9767,5308.0142,10416.983,10416.983,10419.1243,5.012197411
"G","G_12",28.7789181,0.928854,0.892825,0.734493,0.0711462,0.100974,0.0731897,0.532467791,0.45929711,0.25457778,0,0.004496403,0.254886831,1203.49,6641.17,25524.3,1763.337231,2669.283695,19132.85123,0,0,3570,0,0,1620,1763.337231,2669.283695,17632.85123,23.4493008,37.9547997,45.7272987,66.5980988,58.5073013,66.4263,66.5980988,57.7935982,34.3319016,5225.366,5305.9767,5308.0142,10416.983,10416.983,10419.1243,7.206934219
"G","G_13",209.5492679,0.996047,0.918512,0.737867,0,0.0115146,0.0493122,0.509155549,0.318361407,0.292576855,0,0.046931408,0.203289643,77.5431,4075.27,19223.8,2256.985511,4920.29107,18810.10593,1236.078178,4794.265025,12836.51714,436.1459335,3774.265025,11150.01262,1540.413542,2603.163988,12656.53192,42.6669006,53.2256012,49.8233986,0,95.2062988,75.7413025,96.9478989,68.6083984,38.9902992,5225.366,5305.9767,5308.0142,10416.983,10416.983,10419.1243,13.52563524
"H","H_01",520.986962,0.747036,0.74225,0.81443,0.12253,0.150576,0.116013,0.365079157,0.320428209,0.266718625,0.12,0.096396396,0.06503856,921.875,6664.69,22726.9,1216.478888,6436.590684,18810.10593,0,375.3146943,12836.51714,0,285.3146943,11150.01262,1216.478888,6376.590684,12656.53192,36.5591011,41.1677017,47.3973007,58.2276001,48.4043999,55.6309013,44.2873993,36.365799,44.3839989,5167.9177,5169.0337,5171.4823,5973.8177,5974.0272,5976.3529,9.000057547
"H","H_02",180.444522,1,0.986714,0.923177,0,0,0.0332209,0.297101449,0.386212298,0.361350141,0,0.011711712,0.044940935,0,779.831,11704,0,690.4391971,10568.46918,0,2029.967769,11230.29628,0,2029.967769,11230.29628,0,533.88071,5626.885015,23.0363998,42.9561996,50.7293015,0,0,81.9001999,0,91.6765976,68.8638,5167.9177,5169.0337,5171.4823,5973.8177,5974.0272,5976.3529,14.71600105
"H","H_03",436.6678351,0.944664,0.944198,0.883208,0.055336,0.0380868,0.054503,0.761566504,0.466802555,0.377702805,0,0.015260323,0.044940935,952.127,3476.85,13517.6,1020.659488,6837.917465,21172.17609,563.1316221,1401.785513,5891.493655,533.1316221,1371.785513,4196.403777,313.2759407,4857.917465,16072.17609,39.3432007,45.1641998,54.2887993,72.7882996,78.8192978,74.0539017,72.7882996,74.0524979,60.1808014,5167.9177,5169.0337,5171.4823,5973.8177,5974.0272,5976.3529,12.19957037
"H","H_04",464.6780172,0.6917,0.782994,0.85388,0.0197628,0.0938884,0.0843499,0.478437548,0.303754356,0.254395992,0.269784173,0.096396396,0.06503856,1782.61,5762.1,16617.5,0,53.7325205,7694.177894,0,827.5469579,5895.703848,0,793.8579829,4459.637118,0,53.7325205,5773.884018,40.4454002,42.4501991,49.6094017,86.9885025,62.4444008,65.0401993,34.8139992,40.8810005,53.3605995,5167.9177,5169.0337,5171.4823,5973.8177,5974.0272,5976.3529,8.008656708
"H","H_05",211.0170631,0.976285,0.95837,0.910719,0,0.0124004,0.051129,0.50477653,0.39763461,0.366293158,0.028776978,0.011711712,0.044940935,519.197,2421.15,15275,958.3997781,2723.112317,7694.177894,0,873.3732328,5895.703848,0,873.3732328,4459.637118,958.3997781,2633.112317,5773.884018,32.1304016,51.7533989,51.4015007,0,92.3144989,74.4013977,85.4845963,77.8881989,63.8124008,5167.9177,5169.0337,5171.4823,5973.8177,5974.0272,5976.3529,4.124954557
"H","H_06",839.8948036,1,0.81488,0.771347,0,0.126661,0.181158,0.386861314,0.354541486,0.504094401,0,0.055456172,0.036541431,15.2933,8362.08,34575.3,547.1701525,6837.917465,21172.17609,845.902356,1401.785513,5891.493655,845.902356,1371.785513,4196.403777,277.1701525,4857.917465,16072.17609,11.3366003,43.3298988,41.7943993,0,54.0825996,41.0744019,0,43.2373009,33.2293015,5167.9177,5169.0337,5171.4823,5973.8177,5974.0272,5976.3529,5.643194103
"H","H_07",500.8311724,0.806324,0.80248,0.727226,0.177866,0.18512,0.215157,0.5565545,0.465750743,0.372449265,0.014134276,0.009954751,0.04454171,2673.24,9981.89,37797.6,0,53.7325205,7694.177894,494.6018058,827.5469579,5895.703848,494.6018058,793.8579829,4459.637118,0,53.7325205,5773.884018,26.5442009,43.6380997,38.7599983,37.3208008,38.1729012,33.7151985,35.7230988,36.8550987,27.2068996,5167.9177,5169.0337,5171.4823,5973.8177,5974.0272,5976.3529,9.870517848
"I","I_01",140.0490335,0.735178,0.587245,0.481703,0.221344,0.294066,0.238256,0,0.033720134,0.0538866,0.050724638,0.095409541,0.074273966,2339.89,10917.7,33559.8,0,7287.980266,11935.04195,13.28091409,2384.874322,5035.958704,13.28091409,831.2165834,3229.64425,0,5835.943397,9598.646708,56.1041985,53.0960999,41.4229012,32.2831001,22.5685997,36.1977005,30.0098,19.4300003,20.3176003,396.0727,407.0287,413.4134,3776.4198,3786.2708,3808.2439,2.085526219
"I","I_02",351.199307,0.620553,0.342781,0.324682,0.284585,0.337467,0.235661,0.259913856,0.254936496,0.207547172,0.053763441,0.036036036,0.032921811,3398.92,10988.3,31725.3,2796.106811,10311.75875,30257.85214,150,460.4763109,7580.674496,0,310.4763109,4945.382327,2526.106811,9522.655374,26336.06814,33.6528015,33.2192001,34.4971008,24.9342995,26.2285995,37.6585999,16.4134998,20.8246994,26.6457005,181.0037,186.0012,191.4546,13114.7167,13120.9094,13121.8589,0.365038001
"I","I_03",176.1124552,0.525692,0.471213,0.457046,0.442688,0.420726,0.367506,0.484086284,0.445467145,0.314013292,0.003584229,0.064864865,0.117026749,3422.67,13841.4,44322.2,2834.034226,11834.60502,26636.56141,186.267115,1907.868818,6074.139165,53.87305304,1427.122568,5054.139165,2271.337561,7874.010615,17058.36707,36.3591003,33.3182983,34.2355995,14.8804998,14.6868,19.4414005,14.6550999,13.4730997,15.2536001,210.6824,214.0465,217.9375,1375.9084,1384.792,1387.9859,4.399191132
"I","I_04",155.2898114,0.474308,0.4969,0.481183,0.300395,0.227635,0.240592,0.438291796,0.374288241,0.298261823,0.114695341,0.184186882,0.117026749,3327.02,14402.5,46235.7,2894.357191,8407.053071,24675.94079,452.1378364,1094.765985,2645.144518,302.1378364,540,1639.688664,2082.50106,4926.263571,13240.24407,26.5186996,27.5228004,30.8334007,22.7465992,33.7621002,33.5657005,14.7425003,12.6660995,14.1410999,211.152,217.0129,218.4391,3776.4198,3786.2708,3808.2439,3.306228486
"I","I_05",348.9365471,0.731225,0.480071,0.348819,0.0039526,0.147919,0.204516,0.32702716,0.277486707,0.327383345,0.018115942,0.149414941,0.143518519,2007.08,9940.32,30976.4,3187.426538,13639.51648,41245.16372,0,1144.26958,10781.94079,0,901.7711856,9508.633668,2888.165644,10124.44947,25662.088,47.1735001,29.1728001,27.8721008,95.891098,49.2277985,35.3609009,35.787899,19.2159004,25.7653008,322.6757,325.8248,328.2206,14020.2175,14021.9239,14022.7225,2.630903599
"I","I_06",241.956129,0.881423,0.629761,0.573839,0.118577,0.142604,0.163768,0.069129011,0.267030616,0.330888402,0,0.008992806,0.05344296,2120.13,11131.6,47645.8,2905.055636,9142.184856,41245.16372,567.2824266,3957.648173,10781.94079,537.2824266,3927.648173,9508.633668,1569.866127,6795.35339,25662.088,52.7248993,41.7212982,33.5884018,53.3025017,45.9435005,41.0479012,51.7818985,19.8507996,14.4617996,155.3463,169.0977,173.3019,14020.2175,14021.9239,14022.7225,1.267664688
"I","I_07",435.139408,0.636364,0.660762,0.561381,0.201581,0.194863,0.135738,0.548042391,0.478132206,0.338231379,0.138790036,0.054905491,0.05344296,2958.01,14322.3,39968.6,190.6093276,9407.449343,36262.38676,248.3116993,2596.944497,8391.401479,65.44435357,1852.309367,6591.401479,125.6236092,3639.221446,14517.64277,31.9044991,34.2444992,34.2949982,33.2603989,32.8522987,48.3628006,19.0189991,17.0597,17.7257004,280.8729,286.6827,288.5095,13331.1308,13334.5778,13334.7284,1.600476426
"I","I_08",538.3193901,0.671937,0.710363,0.53932,0.166008,0.128432,0.196211,0.270588138,0.289901433,0.266110137,0.163636364,0.150179856,0.117026749,3735.72,13478.4,46187.4,1723.043656,8577.672607,36077.21685,0,232.5135492,5347.677999,0,150,5017.677999,1723.043656,7702.853681,29347.25518,26.2255001,33.8633003,28.7327995,40.0233994,49.0778999,37.4539986,16.8465996,21.6133003,14.2382002,372.8401,378.2004,379.5327,14154.2054,14160.0175,14161.6949,1.0291812
"J","J_01",360.0127784,0.916996,0.893711,0.819881,0.0750988,0.0992028,0.164028,0.778940927,0.540799324,0.303980212,0.007142857,0.006311993,0.013903193,1463.37,6165.09,29612.6,1328.619692,5955.760109,28556.22335,120,450,2580.764347,60,330,2129.382811,1208.619692,5625.760109,26080.65515,54.7857018,53.8686981,50.4473,64.5934982,59.5472984,44.0700989,62.8096008,57.6146011,41.4817009,3718.5597,3746.6048,3752.6195,4292.7823,4314.1089,4322.1817,2.723682481
"J","J_02",534.0327603,0.916996,0.830824,0.788996,0.0592885,0.133747,0.176226,0.471896576,0.345284325,0.284618942,0,0.029676259,0.031603289,1370.27,9323.97,39174.4,938.2251673,7849.675805,34804.32265,0,1576.509279,5698.472562,0,1576.509279,5548.472562,938.2251673,7263.330217,32645.87062,40.0671005,40.0007019,45.5405998,71.3074036,50.5158997,39.6935997,63.0242996,42.9527016,33.2210007,3777.2978,3780.4154,3795.3315,4541.7939,4544.3958,4583.6749,2.419338749
"J","J_03",453.8017024,0.928854,0.892825,0.90423,0.0711462,0.0983171,0.065144,0.411063722,0.288556169,0.27448723,0,0,0.022633745,1102.19,6800.05,19049.9,1130.257733,6277.267377,20247.11653,0,0,1127.279701,0,0,1127.279701,1130.257733,6277.267377,19977.11653,31.6060009,47.8979988,48.2818985,66.8169022,59.3320007,69.248703,66.8169022,57.3381004,60.4668999,2601.75,2669.134,2669.9554,3064.75,3138.4117,3139.8629,3.556925576
"J","J_04",372.4315409,0.928854,0.80868,0.757591,0.0711462,0.159433,0.181936,0.414373073,0.184431977,0.191669236,0,0.031446541,0.041891545,675.572,5343.8,26944.3,556.4718319,5910.916249,25161.27825,0,775.019729,4197.67742,0,132.2371088,2029.130378,556.4718319,4714.600985,20305.82344,29.1109009,50.9504013,52.3720016,72.9960022,50.0600014,43.3098984,72.9960022,47.7024994,35.5359993,3403.41,3416.4293,3428.3792,4055.9419,4067.7142,4156.8738,2.229590587
"J","J_05",502.4488195,0.889328,0.79628,0.676875,0.083004,0.0930027,0.115494,0.106311119,0.140039673,0.182199768,0.025454545,0.021582734,0.01930999,1333.56,5738.95,29078.3,1248.12177,5141.03172,22989.82525,322.0374383,630,2538.358418,120,270,1998.358418,975.5585079,4009.009072,20333.63923,61.9968987,57.4273987,45.2766991,64.5005035,61.729599,54.8103981,58.667099,46.2647018,27.9022999,3403.41,3416.4293,3428.3792,4055.9419,4067.7142,4156.8738,4.078999295
"J","J_06",183.2004574,0.833992,0.806023,0.818842,0.0948617,0.11426,0.109525,0.039241711,0.092354017,0.274244857,0.069090909,0.078026906,0.031603289,2437.51,10275.5,35148.5,1870.057941,7512.287385,34804.32265,789.0882902,3863.413495,5698.472562,767.6203594,3773.413495,5548.472562,1594.549202,6235.14362,32645.87062,60.294899,55.7066002,52.9290009,57.2603989,54.1814003,55.6183014,42.1987,37.7756996,38.9355011,3777.2978,3780.4154,3795.3315,4541.7939,4544.3958,4583.6749,3.916431116
"J","J_07",424.0610227,0.865613,0.923826,0.813652,0.134387,0.0735164,0.137296,0.146499179,0.272560591,0.305599232,0,0.002697842,0.047778063,2104.43,5213.93,25154.9,2137.450904,4974.947335,23809.19062,0,380.8807248,4518.963713,0,200.8807248,3798.963713,2137.450904,4974.947335,20596.7932,37.210701,56.5634003,49.0136986,47.5962982,65.0996017,50.6567001,47.5962982,63.8832016,42.7709007,1911.0813,1911.8485,1918.905,2175.65,2177.7322,2184.91,3.10647724
"J","J_08",601.7449781,1,0.911426,0.884506,0,0.088574,0.0859071,0.5795053,0.276268793,0.281118982,0,0.002697842,0.047778063,72.8739,5028.14,19819.2,165.0494276,4974.947335,23809.19062,0,380.8807248,4518.963713,0,200.8807248,3798.963713,165.0494276,4974.947335,20596.7932,12.3646002,32.5217018,48.7089996,0,63.4239998,62.9071999,0,63.4239998,56.2669983,1911.0813,1911.8485,1918.905,2175.65,2177.7322,2184.91,3.26497669
"J","J_09",176.5538975,0.750988,0.829052,0.799896,0.237154,0.156776,0.155723,0.260526365,0.315934577,0.181532209,0.014492754,0.01350135,0.041891545,2413.94,7962.32,24888.3,2731.922006,8591.694796,25161.27825,0,265.8112211,4197.67742,0,0,2029.130378,2271.358691,7393.107845,20305.82344,35.2495995,44.9300003,51.7224007,31.198,43.4776001,46.346199,32.6771011,42.9496994,41.3941002,3403.41,3416.4293,3428.3792,4055.9419,4067.7142,4156.8738,0.062962452
"J","J_10",309.6643609,0.936759,0.85031,0.860369,0.0592885,0.135518,0.119647,0.149221887,0.167551474,0.289675244,0.003584229,0.013525699,0.013903193,1337.39,6716.6,22246.8,1077.432991,6677.115775,28556.22335,60,399.9947572,2580.764347,60,240,2129.382811,1029.103058,5919.924021,26080.65515,58.9874001,59.0438004,55.7085991,70.118103,49.5979004,54.6221008,69.1528015,47.9818993,51.1645012,3718.5597,3746.6048,3752.6195,4292.7823,4314.1089,4322.1817,3.143143346
"J","J_11",95.2135421,1,0.9938,0.921879,0,0.0017715,0.0731897,0.053763441,0.335412893,0.324390293,0,0.003603604,0.004885575,0,281.91,16346.2,0,209.4429857,16417.58967,0,172.5901518,810,0,52.59015179,510,0,101.365373,15641.80955,78.3423996,65.2039032,54.539299,0,98.9942017,66.6251984,0,97.9525986,65.4940033,3718.5597,3746.6048,3752.6195,4292.7823,4314.1089,4322.1817,3.032147889
"J","J_12",243.0570564,0.833992,0.884854,0.906566,0.166008,0.115146,0.0900597,0.17557551,0.262442416,0.273779943,0,0,0.022633745,2731.3,7405.95,20007.6,2687.415564,7368.807999,20247.11653,0,0,1127.279701,0,0,1127.279701,2687.415564,7368.807999,19977.11653,30.0263004,28.7248993,50.4922981,39.9383011,53.2705002,60.8325005,39.9383011,53.2705002,60.216301,2601.75,2669.134,2669.9554,3064.75,3138.4117,3139.8629,2.372195355
"J","J_13",271.6416831,0.98419,0.843224,0.747729,0,0.064659,0.0788996,0.415325419,0.42484064,0.39677186,0,0.01980198,0.083183106,820.046,6135.11,27056,279.2301331,4257.719512,18614.65332,170.0158063,960,7150.989719,0,60,4355.394577,279.2301331,3537.719512,13615.14052,54.8700981,52.3246002,42.235199,0,68.7792969,64.2611008,85.5863037,49.9817009,34.546299,2401.9871,2402.5193,2405.3005,3193.5779,3194.1676,3200.133,3.051894262
"J","J_14",603.0233601,1,0.979628,0.899818,0,0.0194863,0.0731897,0.522968198,0.451842699,0.276335243,0,0,0.047778063,0,1562.71,19048.5,0,1431.761895,23809.19062,0,0,4518.963713,0,0,3798.963713,0,1431.761895,20596.7932,11.1300001,55.2237015,52.323101,0,94.3214035,66.7205963,0,93.7409973,59.7881012,1911.0813,1911.8485,1918.905,2175.65,2177.7322,2184.91,2.081506366
"J","J_15",71.06069414,0.909091,0.797166,0.751882,0,0.0363153,0.0731897,0.051624544,0.07551459,0.242221196,0.018050542,0.055705301,0,779.989,6634.63,35513,15.12382977,2593.314743,14897.14905,232.5331919,2746.653095,0,232.5331919,2656.653095,0,0,1828.910488,14897.14905,70.0726013,63.1736984,48.7812996,0,80.2061996,66.6573029,67.1998978,44.2462006,30.8456993,3403.41,3416.4293,3428.3792,4055.9419,4067.7142,4156.8738,1.163657076
"J","J_16",42.07148041,1,0.966342,0.939787,0,0.0336581,0.0555411,0.188405797,0.420079634,0.265195837,0,0,0.013903193,0,1850.76,12364.3,0,1880.836359,28556.22335,0,3.990085707,2580.764347,0,0,2129.382811,0,1880.836359,26080.65515,47.5854988,45.1580009,56.8097992,0,83.1082993,73.0642014,0,83.1082993,71.9327011,3718.5597,3746.6048,3752.6195,4292.7823,4314.1089,4322.1817,8.685917789
"J","J_17",595.4643654,0.853755,0.881311,0.821178,0.126482,0.0770593,0.125876,0.359755266,0.499625554,0.488169752,0.025,0.040687161,0.026227822,2107.92,5930.48,29090.8,1657.753185,4623.095939,16267.26837,219.4185373,1517.393378,3091.929877,219.4185373,1517.393378,2867.580552,1627.753185,4178.606624,15387.26416,37.3473015,36.0531998,47.0866013,52.1862984,65.2937012,51.4173012,47.6385994,55.5508003,41.9925003,1911.0813,1911.8485,1918.905,2175.65,2177.7322,2184.91,4.33177595
"J","J_18",89.46418049,0.853755,0.853853,0.848949,0.106719,0.0806023,0.085388,0.208703689,0.369285246,0.264519078,0.043636364,0.042342342,0.031603289,1919,8489.88,29616.8,1816.592236,5515.884762,34804.32265,488.8860208,2340.522265,5698.472562,488.8860208,2340.522265,5548.472562,1497.336468,4765.786579,32645.87062,42.7723999,38.7426987,51.6553001,56.1902008,64.4309006,62.8061981,48.0138016,46.9159012,45.7057991,3403.41,3416.4293,3428.3792,4055.9419,4067.7142,4156.8738,1.556046306
"K","K_01",271.2601715,0.806324,0.890168,0.765118,0.110672,0.0620018,0.147158,0.027058827,0.01312128,0.21710204,0.083636364,0.047619048,0.011331445,1953.47,4907.86,38146.6,1756.125865,3962.683947,29307.74096,815.2400617,1725.271182,1524.913842,725.2400618,1605.271182,1434.913842,1141.506566,3138.980584,27733.40678,59.1417007,74.8547974,54.2545013,54.6137009,71.3647003,45.348999,40.4814987,59.5932007,31.0949993,1411.6201,1431.4833,1440.4686,5701.9524,5739.4326,5755.9214,8.010243437
"K","K_02",176.4165659,0.695652,0.585474,0.601869,0.0671937,0.118689,0.0975863,0.051156597,0.078831589,0.128761284,0,0.050678733,0.022914521,2350.52,10629.9,32568.8,924.2277666,7115.368169,32216.45228,0,1846.81674,3454.767619,0,1783.41646,3334.767619,924.2277666,5659.453374,28648.19048,48.5460014,45.1060982,45.5722008,69.7413025,53.3838005,59.1418991,27.0058994,20.2429008,22.7374992,1411.6201,1431.4833,1440.4686,5701.9524,5739.4326,5755.9214,18.99952712
"K","K_03",92.20333418,0.936759,0.782994,0.794186,0.055336,0.124004,0.11783,0.003867791,0.014917284,0.209155889,0.003623188,0.047619048,0.011331445,1242.01,9061.83,31444.7,1038.070316,3962.683947,29307.74096,120,1725.271182,1524.913842,120,1605.271182,1434.913842,1038.070316,3138.980584,27733.40678,82.3113022,61.7803993,55.5242996,71.1010971,51.1996994,52.7004013,68.0223999,37.1320992,37.2546997,1411.6201,1431.4833,1440.4686,5701.9524,5739.4326,5755.9214,5.763836538
"K","K_04",153.6773394,0.916996,0.788308,0.742798,0.0158103,0.0832595,0.0996626,0.054918137,0.014816726,0.083209541,0,0.047619048,0.022405357,1092.78,8015.58,30005.7,533.0356243,3962.683947,39442.99007,116.1514459,1725.271182,3575.434492,116.1514459,1605.271182,1915.292889,154.9888756,3138.980584,33611.16844,66.6552963,57.0985985,55.7969017,88.1839981,63.0541992,57.9793015,65.3057022,37.389801,32.4716988,1411.6201,1431.4833,1440.4686,5701.9524,5739.4326,5755.9214,6.361603824
"K","K_05",104.6440647,0.581028,0.4969,0.529977,0.0039526,0.0460585,0.0879834,0.079623263,0.076079251,0.131032939,0.03202847,0.03960396,0.033436214,1530.92,7173.86,28938.1,224.3579852,2890.087416,20952.95888,357.5638032,1845.030328,4316.710275,327.5638032,1815.030328,4081.650048,134.3579852,2321.972445,17554.219,60.1576004,51.5301018,40.8409996,94.8119965,76.4030991,62.1203003,30.0060005,25.7838993,23.1938,1411.6201,1431.4833,1440.4686,5701.9524,5739.4326,5755.9214,28.51321683
"L","L_01",75.2359749,0.596838,0.418955,0.413704,0.403162,0.495128,0.466649,0.018016091,0.025781003,0.083265574,0.007168459,0.084608461,0.09562982,4000.96,15802.1,50948.8,3960.641568,17925.64826,58954.62945,44.68442904,1533.822689,6782.16617,44.68442904,1342.524465,5244.852661,3875.658807,14331.82338,42458.15837,40.5774002,43.7108994,45.0373001,12.7236996,8.3562698,9.3621502,12.7456999,11.0404997,13.4108,151.8094,160.456,169.8117,260.2544,269.9946,281.9763,1.583600841
"L","L_02",66.50800753,0.798419,0.776794,0.524007,0.177866,0.20372,0.3483,0.412953781,0.263030394,0.162184543,0.014492754,0.01890189,0.085758434,2369.48,7621.65,37262.6,2736.451929,8880.021169,43997.38968,60,180,5482.736685,0,0,3579.341701,2286.451929,7383.461107,29037.27144,38.5661011,46.6436005,42.6831017,37.6626015,39.2350998,19.1898003,36.2230988,38.922699,18.5123005,151.8094,160.456,169.8117,260.2544,269.9946,281.9763,1.005664947
"L","L_03",24.43950711,0.529644,0.573959,0.419673,0.27668,0.268379,0.499351,0.299908552,0.211138634,0.202504893,0.0433213,0.027827648,0.085758434,3276.48,11744.6,43866.2,3170.188966,11557.31827,43997.38968,360,1253.110094,5482.736685,360,1253.110094,3579.341701,2250.341729,9056.881095,29037.27144,32.4581985,39.5475998,46.2043991,23.9920998,27.5653992,13.9973001,13.5167999,17.6102009,16.2308998,401.4661,402.744,410.3014,497.2549,508.5004,520.7563,1.370322672
"M","M_01",49.27078631,0.928854,0.925598,0.951466,0.0474308,0.0248007,0.0295873,0.202836826,0.415232567,0.543075745,0.02173913,0.03420342,0.012860082,1179.38,4003.94,10561.1,1140,2209.075844,7542.414871,240,1756.014091,2481.629841,60,1516.014091,2151.629841,840,1639.075844,6780.460095,60.0401001,56.5284004,60.7683983,73.0671997,83.5158005,83.1176987,66.8169022,66.2373962,75.9777985,2509.6109,2529.4899,2537.7101,1858.9986,1859.3262,1859.3262,7.837942696
"M","M_02",223.1707802,1,0.966342,0.973008,0,0.0310009,0.024137,0.690909091,0.463953575,0.53105227,0,0.000898473,0.012860082,61.7877,2385.89,6400.52,47.12437257,2129.801107,7542.414871,0,90,2481.629841,0,90,2151.629841,47.12437257,2129.801107,6780.460095,25.9687004,58.3689003,63.1164017,0,82.3607025,85.6790009,0,80.9149017,84.5056,2509.6109,2529.4899,2537.7101,1858.9986,1859.3262,1859.3262,11.48076115
"M","M_03",175.4727962,1,0.968999,0.933558,0,0.0265722,0.0542434,0.134275618,0.254502292,0.479723382,0,0.002710027,0.002317796,0,1919.66,14046,0,1507.340403,5985.456183,0,300,570,0,210,390,0,1507.340403,5685.456183,44.6321983,68.1315002,59.3773994,0,89.8452988,73.4705963,0,86.7538986,69.4970016,4026.9955,4037.1136,4037.1175,1858.9986,1859.3262,1859.3262,5.894416457
"M","M_04",271.3065701,1,0.887511,0.878796,0,0.0017715,0.0251752,0.855072464,0.727457678,0.587984136,0,0.107303877,0.012860082,0,1865.71,13224.2,0,240,7542.414871,0,1731.650105,2481.629841,0,532.1677852,2151.629841,0,150,6780.460095,41.9033012,55.6078987,54.7771988,0,97.9348984,85.3900986,0,69.5429993,59.8068008,2509.6109,2529.4899,2537.7101,1858.9986,1859.3262,1859.3262,5.025857918
"M","M_05",508.381296,0.976285,0.912312,0.833896,0.0158103,0.0540301,0.0314041,0.412611947,0.480665802,0.619643345,0.010600707,0.018083183,0.012860082,631.476,5183.03,16669.8,298.5904803,3778.220148,7542.414871,198.7830466,1260,2481.629841,198.7830466,1200,2151.629841,238.5904803,3298.220148,6780.460095,55.0573997,52.9690018,50.7066994,90.3775024,72.4830017,81.944397,86.7639008,63.2263985,50.426899,2509.6109,2529.4899,2537.7101,1858.9986,1859.3262,1859.3262,7.559744556
"M","M_06",465.956367,0.905138,0.924712,0.854659,0.0948617,0.0628875,0.0381521,0.872634971,0.651573664,0.604589792,0,0.012589928,0.012860082,1477.94,4740.31,13883.3,1501.775307,4218.690591,7542.414871,0,870,2481.629841,0,870,2151.629841,1501.775307,4008.690591,6780.460095,42.5676994,45.3189011,53.9636993,59.2130013,69.2530975,79.3787994,59.2130013,65.163002,55.4371986,2509.6109,2529.4899,2537.7101,1858.9986,1859.3262,1859.3262,7.559744556
"N","N_01",171.0751484,0.762846,0.410983,0.340254,0.173913,0.346324,0.479626,0.083970998,0.124947628,0.116320499,0.028469751,0.128828829,0.10999743,2074.47,14243.6,54458.8,1690.458098,13201.38881,54304.65373,120,2528.146289,7992.069786,90,1811.995896,6972.069786,1150.78347,7649.67912,40058.41022,55.3230019,33.887001,40.1594009,46.4538994,19.6898994,10.9807997,34.790699,13.8259001,15.6743002,97.4902,105.5094,107.3524,736.4985,737.9853,740.2587,2.727596596
"N","N_02",0.061376573,0.264822,0.215235,0.201921,0.703557,0.701506,0.692707,0.054528827,0.083637884,0.06497917,0.014440433,0.01440144,0.050167224,4522.83,14231.4,45420.5,4573.405633,14908.39015,52295.72003,30,477.7962907,2845.725037,30,477.7962907,2635.725037,4032.537011,12481.54809,40990.71903,57.1892014,59.7167015,55.868,16.0450993,19.7462997,18.8129997,20.0550995,29.8400002,32.3716011,10.726,11.7196,12.7783,27.3447,29.1629,30.7644,8.368602005
"N","N_03",348.220021,0.375494,0.263065,0.26992,0.482213,0.626218,0.624189,0.229088894,0.211754893,0.150671462,0.111111111,0.095238095,0.048391248,5096.22,16292.4,49955.1,4548.450079,17699.74868,50317.37134,810,1758.678815,4452.967266,630,1364.46997,3732.967266,3938.879305,13826.55916,40932.43756,35.0505981,42.3681984,49.7767982,8.5723896,10.6585999,15.2670002,9.9225502,20.5764999,22.9638996,17.2134,19.9186,21.8067,29.2772,39.0452,41.471,1.447398336
"N","N_04",198.7593813,0.992095,0.829938,0.582663,0.0079051,0.146147,0.316636,0.003678715,0.035886288,0.147839139,0,0.023465704,0.08305477,135.293,8238.64,54029.2,172.0946022,7208.315864,52495.85978,0,1408.692779,6924.798757,0,1378.692779,6220.79081,172.0946022,6798.432832,43618.74705,93.0698013,67.0217972,43.0746002,94.0494995,53.9930992,18.0904007,93.6785965,48.0797997,12.3754997,344.5912,356.1753,364.789,1058.7867,1069.7271,1078.7772,0.399228905
"N","N_05",311.4136244,0.624506,0.678477,0.701272,0.343874,0.278122,0.229951,0.168248926,0.198816004,0.165240771,0.028985507,0.038669065,0.05626927,3976.03,14498.5,47785.7,3762.195094,12662.6346,41820.96275,460.3464848,2009.408245,6126.07766,460.3464848,1979.408245,5806.259573,3603.425274,11970.44438,38231.5448,32.1242981,44.3181992,43.8785019,16.1968002,23.5772991,29.9482994,13.0534,17.9929008,21.2173996,706.0596,721.024,723.7314,2804.6642,2818.8765,2821.552,2.742536257
"N","N_06",291.0874421,0.418972,0.363153,0.346483,0.56917,0.527901,0.396315,0.188206007,0.188369203,0.114229313,0.010752688,0.04590459,0.10999743,5409.48,19667.6,61815.1,5269.684618,19251.69375,54304.65373,122.4422226,1354.026467,7992.069786,122.4422226,1309.43028,6972.069786,5070.127038,16718.57984,40058.41022,44.7391014,44.2803001,34.7132988,6.4237599,6.64994,14.3149996,6.8119898,10.5080996,13.1215,27.7456,31.517,32.3129,36.7364,64.7747,65.9798,1.534074281
"N","N_07",483.0257992,0.363636,0.271922,0.229951,0.557312,0.693534,0.719958,0.019855617,0.042992649,0.068211341,0.072202166,0.033273381,0.04525585,4932.17,18779.3,55983.9,4760.150324,18678.61415,58896.0133,527.5895215,1207.239202,4121.52971,510,1141.875208,3581.52971,4581.645776,17680.2403,51373.04257,47.1222,54.5793991,57.2220993,7.9011002,14.3554001,19.2310009,9.6585999,17.2161999,25.5923004,16.9859,18.6807,20.5934,19.0842,21.0771,23.3799,2.173734086
"N","N_08",54.50248672,0.581028,0.529672,0.597197,0.284585,0.335695,0.312743,0.199546371,0.173176266,0.144241173,0.083333333,0.085431655,0.08305477,4418.92,16769.2,54372.8,3655.47375,15332.00636,52495.85978,756.7484597,2713.213448,6924.798757,738.7264952,2323.213448,6220.79081,3025.997986,12477.40697,43618.74705,32.4362984,36.5335007,43.1132011,21.8117008,16.8059998,18.7133999,10.2721996,8.9914703,12.4224005,644.6068,647.0815,650.4878,732.4018,764.1209,765.5921,3.658957778
"O","O_01",35.53123986,0.561265,0.453499,0.575655,0.383399,0.374668,0.341812,0.103661939,0.150842319,0.103210395,0.010909091,0.04320432,0.029835391,4269.71,15568,43435.5,3635.04311,13517.61051,40698.64333,30,607.7411067,2280,0,330.6733225,1680,3306.152667,11246.59309,34865.78936,47.4690018,38.6349983,48.8017006,14.8689003,15.9393997,21.0620003,10.4716997,11.0939999,16.1863995,728.4908,729.1646,730.3189,982.7772,987.2551,992.272,13.49235636
"O","O_02",225.4001062,0.359684,0.546501,0.546068,0.41502,0.314438,0.363872,0.149474097,0.125172399,0.10880253,0.089605735,0.04320432,0.029835391,3484.84,11059.7,40948,3375.271944,13517.61051,40698.64333,267.9322744,607.7411067,2280,30,330.6733225,1680,2293.005835,11246.59309,34865.78936,37.3175011,46.9351006,48.5565987,15.0927,25.4521008,20.3108997,16.7698002,17.6439991,16.5447998,538.4809,541.3661,546.365,982.7772,987.2551,992.272,7.151320616
"O","O_03",162.5018214,0.418972,0.599646,0.622891,0.403162,0.280779,0.288347,0.168678045,0.114078708,0.09538359,0.007067138,0.04320432,0.029835391,4513.55,14712.1,47377.5,3910.345084,13517.61051,40698.64333,90,607.7411067,2280,90,330.6733225,1680,3370.716656,11246.59309,34865.78936,33.7859001,45.6650009,47.523201,11.7643995,24.0580997,24.2035007,9.2157097,12.9674997,16.2787991,699.3625,700.1481,700.79,982.7772,987.2551,992.272,5.086836864
"O","O_04",27.9418572,0.604743,0.632418,0.646769,0.284585,0.279008,0.271996,0.116861837,0.124158161,0.091862133,0.007067138,0.00631769,0.029835391,3617.44,15269.2,49813.2,3910.345084,12283.99186,40698.64333,90,141.5386563,2280,90,90,1680,3370.716656,11221.17308,34865.78936,43.402401,48.9828987,48.1716003,22.9414997,23.2182999,25.2999992,14.3872004,14.5277004,16.6956005,613.9767,640.8048,653.776,3385.0801,3524.1246,3526.139,6.554143638
"O","O_05",188.3674208,0.948617,0.901683,0.660005,0.0513834,0.0770593,0.284973,0.072307431,0.073802836,0.079928901,0,0.021582734,0.034740093,1150.46,3750.17,27804.5,1089.669864,4303.481165,39983.24774,0,240,2404.31173,0,240,1854.921563,1089.669864,3583.481165,32663.90353,61.2538986,67.8570023,58.4375992,73.5516968,67.550499,32.5065002,73.5516968,63.8735008,28.0746002,538.4809,541.3661,546.365,982.7772,987.2551,992.272,4.910751543
"O","O_06",144.1676188,0.758893,0.669619,0.603945,0.16996,0.29318,0.36517,0.20781071,0.09938004,0.067626254,0.064516129,0.021582734,0.022347804,2241.77,5907.16,27300.5,2153.691387,4303.481165,26671.2802,240,240,2190,240,240,1890,1731.811477,3583.481165,21457.27883,45.5088997,55.165699,56.6329994,42.1604004,33.2188988,25.6459007,33.2971992,33.342701,25.5415993,538.4809,541.3661,546.365,982.7772,987.2551,992.272,3.303128745
"O","O_07",3.237574596,0.312253,0.272808,0.401505,0.537549,0.64659,0.509473,0.150299302,0.250750861,0.147977186,0.140794224,0.04320432,0.029835391,3514.4,14014.4,50613.6,4156.816182,13517.61051,40698.64333,780.0628032,607.7411067,2280,570.0628032,330.6733225,1680,2579.499939,11246.59309,34865.78936,37.7583008,47.0741997,46.2454987,10.6934996,13.8371,11.8009005,20.6798992,23.9839001,13.9063997,327.4266,341.3948,342.3753,621.5129,638.5433,639.7538,11.06317369
"O","O_08",2.653805847,0.577075,0.596988,0.553335,0.351779,0.366696,0.388528,0.01255708,0.030073169,0.095337316,0.061594203,0.016157989,0.034740093,2992.33,9309.06,33578.6,3637.540543,10148.02467,39983.24774,120,150,2404.31173,30,60,1854.921563,2843.859222,8505.841301,32663.90353,53.1223984,60.7262993,54.5191994,15.3282003,21.7674999,21.3278008,15.9684,21.9447994,20.6636009,785.8877,789.3038,792.2435,902.0366,907.0267,913.9475,3.978099386
"O","O_09",84.42743276,0.470356,0.443756,0.503244,0.486166,0.514615,0.453672,0.022942977,0.171151189,0.08115852,0.028776978,0.022603978,0.022347804,1780.14,6970.57,31616.9,1954.916303,6794.600315,26671.2802,314.6419222,370.356325,2190,314.6419222,370.356325,1890,1268.311572,4886.579065,21457.27883,56.0866013,51.8614006,50.6932983,24.4881992,21.8806,18.6627007,26.7276001,26.0622005,21.3012009,752.2616,754.4057,759.3456,867.4107,870.0078,878.3173,3.332040699
"O","O_10",167.7521973,0.992095,0.860939,0.71892,0,0.0274579,0.199325,0.014451154,0.041781384,0.082642825,0,0.055755396,0.029835391,378.518,5298.47,30275.2,0,10670.13254,40698.64333,41.9566607,646.8045391,2280,41.9566607,286.8045391,1680,0,7893.030229,34865.78936,90.4304962,70.3958969,56.9367981,0,89.6852036,40.2206001,94.0494995,55.1225014,30.4370003,538.4809,541.3661,546.365,982.7772,987.2551,992.272,7.258676545
"O","O_11",13.99001478,1,0.922055,0.753698,0,0.0593446,0.189203,0.025089606,0.044823507,0.054189527,0,0.009883199,0.022347804,0,3319.77,31505.3,0,2056.446642,26671.2802,0,750,2190,0,750,1890,0,1754.295319,21457.27883,85.9212036,76.7269974,59.8799019,0,78.2780991,41.9874992,0,72.264801,33.1427994,538.4809,541.3661,546.365,982.7772,987.2551,992.272,15.33298158
"O","O_12",262.1287074,0.6917,0.642161,0.620036,0.288538,0.330381,0.344407,0.031542839,0.049102222,0.085364535,0.032727273,0.027927928,0.01336074,2951.05,9935.82,47378.8,2757.145013,10354.09848,26335.47113,303.50796,930,1848.135195,303.50796,930,1848.135195,2384.391789,8854.114324,23958.34445,57.5080986,59.8270988,54.1599007,26.2670002,25.6650009,19.2469006,24.3920994,24.7702007,16.4556007,538.4809,541.3661,546.365,982.7772,987.2551,992.272,8.410275011
"O","O_13",150.6602644,0.86166,0.772365,0.741241,0.0711462,0.116032,0.194913,0.049916154,0.087481395,0.080154201,0.003584229,0.003603604,0.029835391,2460.07,10507.7,37200.4,1230.880984,13427.92862,40698.64333,120,120,2280,120,90,1680,1230.880984,12677.92862,34865.78936,62.7433014,58.5547981,58.4053993,67.2844009,52.8809013,38.8311005,45.7336006,30.7059994,29.0669003,538.4809,541.3661,546.365,982.7772,987.2551,992.272,2.394001372
"O","O_14",90.69386466,0.743083,0.565102,0.555152,0.241107,0.34721,0.379445,0.009751773,0.06365439,0.107022185,0.061594203,0.055755396,0.029835391,2933.94,9807.98,35314.9,3637.540543,10670.13254,40698.64333,120,646.8045391,2280,30,286.8045391,1680,2843.859222,7893.030229,34865.78936,60.3470001,51.9175987,53.3414993,29.7642002,21.9305,21.9412994,26.4267998,20.0477009,19.8630009,785.8877,789.3038,792.2435,902.0366,907.0267,913.9475,5.662815824
"P","P_01",386.4666865,0.960474,0.914969,0.841682,0.0316206,0.0469442,0.115754,0.656784435,0.398680036,0.252455385,0,0.035938904,0.025436793,992.343,4015.63,17746.2,770.8628881,3048.414282,13728.13888,0,1242.635237,3429.999145,0,1242.635237,3069.999145,770.8628881,2681.824257,10284.60612,53.7240982,51.2743988,54.1299019,81.6148987,76.1371002,60.0896988,77.5108032,65.9878998,51.1222992,1448.6667,1464.8346,1474.0787,1753.8802,1773.495,1782.5138,3.004011063
"P","P_02",540.5675407,0.893281,0.879539,0.808461,0.083004,0.0504872,0.0352972,0.515117783,0.316219989,0.262829194,0.02173913,0.04680468,0.025436793,1781.57,6377.48,20131.9,1627.687796,3300.881601,13728.13888,300,2220,3429.999145,300,2220,3069.999145,1507.687796,2940.881601,10284.60612,38.2781982,47.3936996,51.0111008,61.3410988,73.6098022,81.1327972,55.6010017,53.9123993,44.9454994,2557.1266,2561.5157,2565.2747,3010.4757,3025.9594,3030.968,4.104208115
"P","P_03",202.6078089,0.656126,0.627104,0.71373,0,0.0062002,0.0594342,0.049164436,0.067764644,0.234294791,0,0,0.013871051,2077.9,6259.69,28959.6,0,200.857714,7744.096331,0,0,2435.563632,0,0,2435.563632,0,88.86195864,6514.096331,44.3716011,49.9122009,46.9973984,0,98.5792007,71.9869003,27.4300995,30.1853008,30.8302002,2557.1266,2561.5157,2565.2747,3010.4757,3025.9594,3030.968,2.489918296
"P","P_04",280.1736643,0.826087,0.633304,0.660265,0.158103,0.34721,0.291721,0.198086114,0.194537598,0.321821016,0.014545455,0.008093525,0.025436793,1710.86,6092.6,28681.9,1847.900214,6865.933306,13728.13888,60,90,3429.999145,60,60,3069.999145,1607.900214,5485.933306,10284.60612,54.5153999,56.2743988,48.2523003,47.2645988,30.7931995,31.7922001,46.5648994,31.5477009,27.6427002,2557.1266,2561.5157,2565.2747,3010.4757,3025.9594,3030.968,3.21193587
"P","P_05",353.9295116,1,0.80248,0.822995,0,0.0017715,0.0332209,0.025454545,0.092845035,0.25818766,0,0.023339318,0.025436793,43.2616,5869.53,20873.9,0,83.13309186,13728.13888,18.82686,805.5687535,3429.999145,18.82686,805.5687535,3069.999145,0,79.83201078,10284.60612,84.4013977,55.468399,53.0844002,0,0,81.9766998,0,46.3823013,46.8255005,1448.6667,1464.8346,1474.0787,1753.8802,1773.495,1782.5138,1.668848315
"P","P_06",444.8139383,0.719368,0.705049,0.689333,0.280632,0.223206,0.189982,0.140516442,0.16013529,0.162182925,0,0.028673835,0.030911901,1298.54,10097.2,37582.4,1310.981593,7292.360937,28080.3861,0,967.1540945,4496.640851,0,706.7600599,3208.446942,1310.981593,6708.057072,25838.77564,41.462101,51.6451988,46.1899986,37.9877014,37.6986008,40.8325996,37.9877014,27.0585003,24.5049,1448.6667,1464.8346,1474.0787,1753.8802,1773.495,1782.5138,3.914072604
"P","P_07",460.2952289,0.754941,0.726306,0.663639,0.201581,0.0956599,0.163249,0.085765909,0.149682343,0.205126124,0.032374101,0.008086253,0.014668039,3455.53,8978.48,32444.8,2727.296349,5658.115161,12622.2342,600,600,2844.773599,600,600,2844.773599,2670.481055,4926.737959,10295.64229,51.4020004,45.4379005,45.4374008,34.1100998,57.8572998,47.6960983,25.3766994,30.6215,25.2880993,336.0905,377.6678,385.2109,1631.0345,1631.0345,1639.3361,2.627590123
"Q","Q_01",9.076193508,0.988142,0.95217,0.816247,0,0.0327724,0.0589151,0.044160013,0.076638597,0.092544987,0.003636364,0.000900901,0.004624872,372.447,2890.54,17800.5,0,1879.604285,12283.65306,120,120,1110,120,120,1020,0,1863.800835,10993.65306,84.3310013,75.1921005,62.5605011,0,83.9935989,72.1973038,90.7953033,77.322998,47.5922012,3733.0656,3733.1022,3733.6353,3810.0215,3810.0215,3810.0215,3.391847893
"Q","Q_02",136.9447717,0.988142,0.894597,0.815468,0.0118577,0.0797166,0.075266,0.003614287,0.019133886,0.153837883,0,0.002702703,0.003598972,201.573,5638.73,19317.5,358.3349745,4636.856609,15477.59226,0,200.0293953,690,0,200.0293953,690,358.3349745,4546.856609,14308.39014,93.2111969,77.1018982,57.2696991,92.5196991,66.748497,66.7325974,92.5196991,60.3334999,46.6202011,3733.0656,3733.1022,3733.6353,3810.0215,3810.0215,3810.0215,15.08746227
"Q","Q_03",23.1032787,1,0.997343,0.928887,0,0.0026572,0.0464573,0.029090909,0.071296546,0.060884984,0,0,0.023393316,0,171.852,9817.95,0,101.5635758,9654.70217,0,0,1008.665021,0,0,1008.665021,0,101.5635758,8558.979424,84.9437027,66.071701,73.6417999,0,0,76.7745972,0,0,71.0654984,3733.0656,3733.1022,3733.6353,3810.0215,3810.0215,3810.0215,21.19097156
"Q","Q_04",345.9952635,1,0.805137,0.663639,0,0.0017715,0.0010382,0.028985507,0.024440556,0.085219931,0,0,0.023393316,0,1410.94,4218.97,0,165.7104361,9654.70217,0,0,1008.665021,0,0,1008.665021,0,88.743505,8558.979424,79.7844009,73.1011963,66.5406036,0,98.8682022,98.8214035,0,59.2933998,47.3997993,3733.0656,3733.1022,3733.6353,3810.0215,3810.0215,3810.0215,24.14270536
"Q","Q_05",170.8627694,0.940711,0.893711,0.887101,0.0592885,0.0797166,0.0750065,0.061402209,0.068485362,0.091838538,0.003610108,0.02610261,0.028527371,1149.21,6377.87,21997.4,1092.216522,4711.379344,16203.65869,125.6783423,2313.546066,5686.283719,125.6783423,2223.546066,5596.283719,1062.216522,4318.111305,14500.40278,62.6525993,65.2350998,64.8494034,71.8006973,65.2910995,66.4297028,71.3074036,56.3670006,56.0161018,4720.4609,4737.9099,4737.9428,3810.0215,3810.0215,3810.0215,6.627009527
"Q","Q_06",178.9296524,0.968379,0.967228,0.89904,0.0316206,0.0327724,0.0633273,0.101387802,0.064268365,0.126033717,0,0,0.001541624,490.041,2169.88,17826.9,464.1216766,2121.455689,14102.41081,0,0,572.4112045,0,0,572.4112045,464.1216766,2121.455689,13652.41081,60.8153,68.4460983,64.1325989,83.0659027,81.8482971,70.259903,83.0659027,81.8482971,60.3438988,4720.4609,4737.9099,4737.9428,3810.0215,3810.0215,3810.0215,7.780587307
"Q","Q_07",515.9557873,1,0.74225,0.559304,0,0.0088574,0.0197249,0.123636364,0.172196404,0.117633443,0,0.00540054,0.00385505,82.3029,3170.28,13069.6,0,805.3102398,4271.59203,0,301.0388906,810,0,301.0388906,810,0,475.3102398,2790.064451,48.1231003,54.8736,54.2125015,0,93.7195969,88.2582016,0,48.0780983,34.7761002,4720.4609,4737.9099,4737.9428,3810.0215,3810.0215,3810.0215,3.990997303
